{
    "model_name": "RAdaptGAT_BurgersSim",
    "session_timestamp": "20250510_143306",
    "device": "cuda",
    "parameters": {
        "num_total_samples": 100,
        "num_validation_samples_benchmarked": 20,
        "epochs_trained": 50,
        "batch_size": 10,
        "learning_rate": 0.001,
        "gat_input_features": 2
    },
    "classical_r_adaptivity_times_seconds": {
        "all_values_on_val_set": [
            0.008612871170043945,
            0.008185386657714844,
            0.005878448486328125,
            0.015911579132080078,
            0.005319118499755859,
            0.008188962936401367,
            0.012883663177490234,
            0.0075609683990478516,
            0.01596856117248535,
            0.004202842712402344,
            0.007588386535644531,
            0.021399259567260742,
            0.006836652755737305,
            0.03220057487487793,
            0.008058309555053711,
            0.008186578750610352,
            0.005903482437133789,
            0.01592087745666504,
            0.026186466217041016,
            0.020825862884521484
        ],
        "mean": 0.012290942668914794,
        "median": 0.00818777084350586,
        "std_dev": 0.007541874355269619,
        "min": 0.004202842712402344,
        "max": 0.03220057487487793
    },
    "gat_inference_times_seconds": {
        "all_values_on_val_set": [
            0.0010786056518554688,
            0.0009592056274414062,
            0.0010452747344970703,
            0.0009353160858154297,
            0.0009253978729248047,
            0.0009129524230957031,
            0.0009154319763183594,
            0.0009105205535888672,
            0.0009134769439697266,
            0.0009089946746826172,
            0.000897359848022461,
            0.0009057044982910157,
            0.0009092807769775391,
            0.0009028434753417969,
            0.0009087085723876953,
            0.0009035587310791016,
            0.0009023666381835938,
            0.0009054660797119141,
            0.0009732246398925781,
            0.0009075164794921875
        ],
        "runs_per_sample_for_avg": 5,
        "mean": 0.0009310603141784668,
        "median": 0.0009099006652832031,
        "std_dev": 4.772977720232153e-05,
        "min": 0.000897359848022461,
        "max": 0.0010786056518554688
    }
}