{
    "model_name": "RAdaptGAT_BurgersSim",
    "session_timestamp": "20250511_120922",
    "device": "cuda",
    "parameters": {
        "num_total_samples": 100,
        "num_validation_samples_benchmarked": 20,
        "epochs_trained": 50,
        "batch_size": 10,
        "learning_rate": 0.001,
        "gat_input_features": 2
    },
    "classical_r_adaptivity_times_seconds": {
        "all_values_on_val_set": [
            0.005319118499755859,
            0.0043408870697021484,
            0.011603355407714844,
            0.007744789123535156,
            0.0203707218170166,
            0.012660026550292969,
            0.012731552124023438,
            0.013122081756591797,
            0.01651763916015625,
            0.015593767166137695,
            0.015697479248046875,
            0.015575170516967773,
            0.020345449447631836,
            0.007474184036254883,
            0.02041316032409668,
            0.0074787139892578125,
            0.02040719985961914,
            0.011553525924682617,
            0.005272865295410156,
            0.008081912994384766
        ],
        "mean": 0.012615180015563965,
        "median": 0.012695789337158203,
        "std_dev": 0.0052863343157428635,
        "min": 0.0043408870697021484,
        "max": 0.02041316032409668
    },
    "gat_inference_times_seconds": {
        "all_values_on_val_set": [
            0.0065062522888183595,
            0.006014966964721679,
            0.011393260955810548,
            0.007522869110107422,
            0.01298055648803711,
            0.012140941619873048,
            0.011873960494995117,
            0.011987447738647461,
            0.012519025802612304,
            0.012609052658081054,
            0.012506437301635743,
            0.012420320510864257,
            0.013857412338256835,
            0.007670116424560547,
            0.013875675201416016,
            0.007908487319946289,
            0.012203598022460937,
            0.011169147491455079,
            0.007086849212646485,
            0.010593938827514648
        ],
        "runs_per_sample_for_avg": 5,
        "mean": 0.010742015838623048,
        "median": 0.011930704116821289,
        "std_dev": 0.0025113686235107486,
        "min": 0.006014966964721679,
        "max": 0.013875675201416016
    }
}