{
    "model_name": "RAdaptGAT_BurgersSim",
    "session_timestamp": "20250511_064206",
    "device": "cuda",
    "parameters": {
        "num_total_samples": 100,
        "num_validation_samples_benchmarked": 20,
        "epochs_trained": 50,
        "batch_size": 10,
        "learning_rate": 0.001,
        "gat_input_features": 2
    },
    "classical_r_adaptivity_times_seconds": {
        "all_values_on_val_set": [
            0.01834893226623535,
            0.006966114044189453,
            0.0032045841217041016,
            0.0042552947998046875,
            0.009821414947509766,
            0.008391857147216797,
            0.021250486373901367,
            0.012002706527709961,
            0.01322793960571289,
            0.017212390899658203,
            0.011956214904785156,
            0.02180004119873047,
            0.016547679901123047,
            0.00984048843383789,
            0.006029367446899414,
            0.013242244720458984,
            0.008364439010620117,
            0.010539770126342773,
            0.007804155349731445,
            0.008387327194213867
        ],
        "mean": 0.011459672451019287,
        "median": 0.010190129280090332,
        "std_dev": 0.005165986270000408,
        "min": 0.0032045841217041016,
        "max": 0.02180004119873047
    },
    "gat_inference_times_seconds": {
        "all_values_on_val_set": [
            0.0011766433715820312,
            0.000936126708984375,
            0.0009754657745361328,
            0.0009318828582763672,
            0.0009351253509521484,
            0.0009514331817626953,
            0.0009465217590332031,
            0.0009283065795898437,
            0.0009144783020019531,
            0.000912332534790039,
            0.0009107112884521485,
            0.0009058952331542969,
            0.0009018421173095703,
            0.0009242534637451172,
            0.0009208202362060546,
            0.0008864879608154296,
            0.0009063243865966797,
            0.0009107112884521485,
            0.0008947849273681641,
            0.0009557247161865234
        ],
        "runs_per_sample_for_avg": 5,
        "mean": 0.0009362936019897461,
        "median": 0.0009225368499755859,
        "std_dev": 5.9183837315907845e-05,
        "min": 0.0008864879608154296,
        "max": 0.0011766433715820312
    }
}