{
    "model_name": "RAdaptGAT_SquareMesh_Poisson_FeatEngV2",
    "session_timestamp": "20250608_191042",
    "device": "cuda",
    "parameters": {
        "epochs": 100,
        "learning_rate": 0.001,
        "batch_size": 8,
        "num_layers": 4,
        "hidden_channels": 128,
        "heads": 8,
        "dropout": 0.5,
        "mesh_type": "square",
        "num_total_samples": 100,
        "num_validation_samples_benchmarked": 20,
        "inference_runs_per_sample": 5
    },
    "classical_r_adaptivity_times_seconds": {
        "mean": 0.17700504064559935,
        "median": 0.1240006685256958,
        "std_dev": 0.13040426492181703,
        "min": 0.03846263885498047,
        "max": 0.5788168907165527,
        "count": 20
    },
    "gat_inference_times_seconds": {
        "mean": 0.0014843463897705079,
        "median": 0.0014194726943969726,
        "std_dev": 0.00017185704484034506,
        "min": 0.0012912750244140625,
        "max": 0.001893758773803711,
        "count": 20
    },
    "l2_error_stats": {
        "initial_mean": 0.008162790460166346,
        "classical_adapted_mean": 0.008228971495314074,
        "gat_adapted_mean": 0.008181290124628515
    }
}